Slope,Intercept
1554.047348887484,-43.47263080739902
1499.4605533153806,0.024860724235978182
