High Level,Low Level,Transition Point,Trans. Rate
1002.9892415197232,11.388205394246668,25.004083283472028,1515.5956399354368
1003.0015065248754,2.9249767686648385,24.9998952754226,1499.0152277966924
