High Level,Low Level,Transition Point,Trans. Rate
1002.9892415194756,11.388205558230172,25.00408328355141,1515.5956401867757
1003.0015065250531,2.9249767656520285,24.999895275421117,1499.015227533808
